[{
    "label": "Git Status",
    "cmd": "git status",
    "args" : [],
    "key" : "Ctrl-Alt-Shift-S"
}, {
    "label": "Git Commit All",
    "cmd": "git commit -a -m '$0'",
    "args" : ["Informe seu comentário aqui!"],
    "key" : "Ctrl-Alt-Shift-C"
}, {
    "label": "Git Push",
    "cmd": "git push",
    "args" : [],
    "key" : "Ctrl-Alt-Shift-P"
}, {
    "label": "Generate Zip Package",
    "cmd": "git archive --format zip -o brackets-command-runner.zip master",
    "args" : [],
    "key" : "Ctrl-Alt-Shift-Z"
}]
